{"cameraMode":{"drawMode":0,"name":"Shaded","section":"Shading Mode"},"sceneLighting":true,"audioPlay":false,"sceneViewState":{"showFog":true,"showMaterialUpdate":false,"showSkybox":true,"showFlares":true,"showImageEffects":true,"showParticleSystems":true},"in2DMode":false,"pivot":{"x":-2.7421727180480959,"y":-3.2042346000671388,"z":9.715234756469727},"rotation":{"x":-0.17353475093841554,"y":0.3009747266769409,"z":-0.0557979978621006,"w":-0.9360480308532715},"size":46.399314880371097,"orthographic":false}